rowID	p_T21vsControl	fc_T21vsControl	mean	sd	Symbol	GeneID	descriptionNCBI	chromoseNCBI	GeneTypeNCBI	SpeciesNCBI	SynonymsNCBI
202151	0.000131699021338361	4.16006266398449	2.77742332363636	1.01943757691912	RANBP3L	202151	RAN binding protein 3 like	5	protein-coding	hs	-
8477	0.000150339399908606	1.69921597707842	2.86935919163636	0.392593619080202	GPR65	8477	G protein-coupled receptor 65	14	protein-coding	hs	TDAG8|hTDAG8
2555	0.000252060868608517	1.83459508545419	3.14182100309091	0.447654648221863	GABRA2	2555	gamma-aminobutyric acid type A receptor subunit alpha2	4	protein-coding	hs	DEE78|EIEE78
57016	0.000444039951840725	2.30598541754062	3.89839900131818	0.688254127981738	AKR1B10	57016	aldo-keto reductase family 1 member B10	7	protein-coding	hs	AKR1B11|AKR1B12|ALDRLn|ARL-1|ARL1|HIS|HSI
100996634	0.00085314329323749	2.33484487279716	3.22758174836364	0.706047246123894	row2700	NA	NA	NA	NA	NA	NA
6526	0.00091867826481884	2.23367389836795	6.55418230881818	0.627969109477378	SLC5A3	6526	solute carrier family 5 member 3	21	protein-coding	hs	BCW2|SMIT|SMIT1|SMIT2
55784	0.00100390630269676	2.90663811668861	5.34059260209091	0.827750972581134	MCTP2	55784	multiple C2 and transmembrane domain containing 2	15	protein-coding	hs	-
100507377	0.00102391184043416	2.83551309151215	3.66842685877273	0.818035574672387	LINC02882	100507377	long intergenic non-protein coding RNA 2882	12	ncRNA	hs	-
57091	0.00135955934468468	1.97861921084977	3.65652386072727	0.556895744371964	CASS4	57091	Cas scaffold protein family member 4	20	protein-coding	hs	C20orf32|CAS4|HEFL|HEPL
400863	0.00165053904847423	1.77228467519495	4.13941287986364	0.466875984527169	row12536	NA	NA	NA	NA	NA	NA
56651	0.00165066571903338	3.61292353616883	2.69988128690909	1.01907257015271	LINC00470	56651	long intergenic non-protein coding RNA 470	18	ncRNA	hs	C18orf2
100302255	0.0018904209061632	3.87070296734303	3.21625216445455	1.12834061874258	MIR1323	100302255	microRNA 1323	19	ncRNA	hs	MIRN1323|hsa-mir-1323|mir-1323
9340	0.00261480349466203	1.71245079352558	3.66977950468182	0.431890258727327	GLP2R	9340	glucagon like peptide 2 receptor	17	protein-coding	hs	-
100506433	0.00268442853899264	2.0697163737766	2.75346653890909	0.60823283461633	LINC00648	100506433	long intergenic non-protein coding RNA 648	14	ncRNA	hs	-
344595	0.00292602729640157	1.71286026424442	5.07417416759091	0.450016976344045	DUBR	344595	DPPA2 upstream binding RNA	3	ncRNA	hs	DUM|LINC00883|LINC0883
55531	0.00330612102627004	3.66002640903269	3.72643861986364	1.07574491824782	ELMOD1	55531	ELMO domain containing 1	11	protein-coding	hs	-
3454	0.00378203038419089	1.63728664640933	8.60106391145455	0.401443442845399	IFNAR1	3454	interferon alpha and beta receptor subunit 1	21	protein-coding	hs	AVP|IFN-alpha-REC|IFNAR|IFNBR|IFRC|IMD106
64968	0.00416155259118933	1.66008733981928	8.114843854	0.466477241692063	MRPS6	64968	mitochondrial ribosomal protein S6	21	protein-coding	hs	C21orf101|MRP-S6|RPMS6|S6mt|bS6m
1134	0.00447911421708946	2.00960661653747	5.09016955068182	0.609993019823755	CHRNA1	1134	cholinergic receptor nicotinic alpha 1 subunit	2	protein-coding	hs	ACHRA|ACHRD|CHRNA|CMS1A|CMS1B|CMS2A|FCCMS|SCCMS
574460	0.005136275580917	1.87608606743695	2.77599240127273	0.549983566935321	MIR498	574460	microRNA 498	19	ncRNA	hs	MIRN498|hsa-mir-498|mir-498
8888	0.00549634023687051	1.57153568847974	6.52559819163636	0.377221059306893	MCM3AP	8888	minichromosome maintenance complex component 3 associated protein	21	protein-coding	hs	GANP|MAP80|PNRIID|SAC3
158038	0.00579788373583912	2.22704461361851	4.80122281163636	0.666112098227572	LINGO2	158038	leucine rich repeat and Ig domain containing 2	9	protein-coding	hs	LERN3|LRRN6C
100506023	0.00616703111471872	1.84766358340391	4.0848637555	0.518871520233096	LOC100506023	100506023	uncharacterized LOC100506023	1	ncRNA	hs	-
3294	0.00644590251010202	9.02728511187777	4.59450292722727	1.91296277103512	HSD17B2	3294	hydroxysteroid 17-beta dehydrogenase 2	16	protein-coding	hs	EDH17B2|HSD17|SDR9C2
60370	0.00663592328604568	2.24701896575066	6.09443737040909	0.698083115767004	AVPI1	60370	arginine vasopressin induced 1	10	protein-coding	hs	PP5395|VIP32|VIT32
2551	0.00760274708300634	1.9478252963026	6.67495080536364	0.562480963574189	GABPA	2551	GA binding protein transcription factor subunit alpha	21	protein-coding	hs	E4TF1-60|E4TF1A|NFT2|NRF2|NRF2A|RCH04A07
10200	0.00800695249528671	1.51465781620569	7.80599426945454	0.355779830482439	MPHOSPH6	10200	M-phase phosphoprotein 6	16	protein-coding	hs	MPP|MPP-6|MPP6
7327	0.00812290335840093	1.92695506681522	6.68253862263636	0.56334052444107	UBE2G2	7327	ubiquitin conjugating enzyme E2 G2	21	protein-coding	hs	UBC7
55227	0.00820960790339409	2.00885395071213	5.98425186609091	0.640566414966255	LRRC1	55227	leucine rich repeat containing 1	6	protein-coding	hs	LANO|dJ523E19.1
441161	0.00839250966894067	1.94903554159754	3.40514917013636	0.598576103766883	OOEP	441161	oocyte expressed protein	6	protein-coding	hs	C6orf156|FLOPED|HOEP19|KHDC2
3588	0.00846863736520065	1.78594004625853	7.57904352531818	0.55770688134971	IL10RB	3588	interleukin 10 receptor subunit beta	21	protein-coding	hs	CDW210B|CRF2-4|CRFB4|D21S58|D21S66|IBD25|IL-10R2|IL-10RB
221322	0.00863482601002596	1.55638057064328	4.19174359413636	0.40462922090366	TBC1D32	221322	TBC1 domain family member 32	6	protein-coding	hs	ALHSA|BROMI|C6orf170|C6orf171|OFD9|RP100
3908	0.00908557315175429	6.67813797577322	5.20052104959091	1.68904848845086	LAMA2	3908	laminin subunit alpha 2	6	protein-coding	hs	LAMM|MDC1A
571	0.00947016059160977	2.96211458168946	6.86977365386364	0.942580233385035	BACH1	571	BTB domain and CNC homolog 1	21	protein-coding	hs	BACH-1|BTBD24
57464	0.00994225818879013	2.33177460890558	4.213270935	0.739150469875414	STRIP2	57464	striatin interacting protein 2	7	protein-coding	hs	FAM40B|FAR11B
284207	0.0103352027807261	1.61822247133135	6.70869610495455	0.451036713400219	METRNL	284207	meteorin like, glial cell differentiation regulator	17	protein-coding	hs	-
9535	0.010495578147509	1.93788468239712	3.89528338186364	0.598058597312897	GMFG	9535	glia maturation factor gamma	19	protein-coding	hs	GMF-GAMMA
400550	0.0114503826866539	1.91562806499138	3.22553903336364	0.596472490849659	FENDRR	400550	FOXF1 adjacent non-coding developmental regulatory RNA	16	ncRNA	hs	FOXF1-AS1|FOXF1AS1|TCONS_00024240|lincFOXF1|onco-lncRNA-21
161145	0.012430341155183	1.78630806855157	2.81786387695455	0.514280887822055	TMEM229B	161145	transmembrane protein 229B	14	protein-coding	hs	C14orf83
9562	0.0127062905210406	1.83070976181303	6.588123039	0.544968566032871	MINPP1	9562	multiple inositol-polyphosphate phosphatase 1	10	protein-coding	hs	HIPER1|MINPP2|MIPP|PCH16
2626	0.0129247265036051	4.43619297573753	5.19949496618182	1.3889942647166	GATA4	2626	GATA binding protein 4	8	protein-coding	hs	ASD2|TACHD|TOF|VSD1
26046	0.0130941106575149	1.55603063625812	7.03592264118182	0.402159284282879	LTN1	26046	listerin E3 ubiquitin protein ligase 1	21	protein-coding	hs	C21orf10|C21orf98|RNF160|ZNF294
441601	0.0131192181238443	2.39640091493228	3.38487894586364	0.792363977334989	SEPTIN7P11	441601	septin 7 pseudogene 11	11	pseudo	hs	-
339975	0.0131871933891404	1.89471022795934	3.25162172309091	0.585425178754195	LOC339975	339975	uncharacterized LOC339975	4	ncRNA	hs	-
104	0.0138514194936651	3.46293056737564	6.46769281427273	1.11631196726526	ADARB1	104	adenosine deaminase RNA specific B1	21	protein-coding	hs	ADAR2|DRABA2|DRADA2|NEDHYMS|RED1
84690	0.0145722864987714	2.30595661249814	3.2244341665	0.813033077144206	SPATA22	84690	spermatogenesis associated 22	17	protein-coding	hs	NYD-SP20|NYDSP20|POF25|SPGF96
642852	0.015001125872746	1.57136395569711	5.70478715977273	0.438143608895791	LINC00205	642852	long intergenic non-protein coding RNA 205	21	ncRNA	hs	LVBU|NCRNA00205
4249	0.0151448442567704	2.64147646091542	7.09297665772727	0.907979960586735	MGAT5	4249	alpha-1,6-mannosylglycoprotein 6-beta-N-acetylglucosaminyltransferase	2	protein-coding	hs	GNT-V|GNT-VA|MGAT5A|glcNAc-T V
100616296	0.0154250819579482	1.51695578543877	2.41394330659091	0.414478750568294	MIR4678	100616296	microRNA 4678	10	ncRNA	hs	-
8710	0.0158512662902057	11.1513953431164	5.39663614504545	2.29436849152283	SERPINB7	8710	serpin family B member 7	18	protein-coding	hs	MEGSIN|PPKN|TP55
93164	0.0160529233470469	1.62723369927321	4.15960945859091	0.470414701897348	HTR7P1	93164	5-hydroxytryptamine receptor 7 pseudogene 1	12	pseudo	hs	HTR7P
54059	0.0170010168978539	1.81908037698564	6.10778020786364	0.564964442859545	YBEY	54059	ybeY metalloendoribonuclease	21	protein-coding	hs	C21orf57
646778	0.0170136879892245	1.66200164243752	3.50710997390909	0.462277225976149	row18177	NA	NA	NA	NA	NA	NA
5810	0.0177276924787668	1.61035077037936	6.52112859913636	0.434876140935148	RAD1	5810	RAD1 checkpoint DNA exonuclease	5	protein-coding	hs	HRAD1|REC1
10468	0.017773804734308	3.65694832431581	5.06896792986364	1.24624385981651	FST	10468	follistatin	5	protein-coding	hs	FS
55089	0.0178412508156049	3.31706642000694	4.36559645154545	1.09850061162429	SLC38A4	55089	solute carrier family 38 member 4	12	protein-coding	hs	ATA3|NAT3|PAAT|SNAT4
10725	0.0182264014422862	1.54637970791675	8.01758569354545	0.397932537200683	NFAT5	10725	nuclear factor of activated T cells 5	16	protein-coding	hs	NF-AT5|NFATL1|NFATZ|OREBP|TONEBP
22943	0.0188055918883473	6.26097980772369	7.73025529586364	1.69826059001413	DKK1	22943	dickkopf Wnt signaling pathway inhibitor 1	10	protein-coding	hs	DKK-1|SK
5167	0.0195945641150596	2.71871676481351	5.53153141695455	0.943897010467932	ENPP1	5167	ectonucleotide pyrophosphatase/phosphodiesterase 1	6	protein-coding	hs	ARHR2|COLED|M6S1|NPP1|NPPS|PC-1|PCA1|PDNP1
8867	0.0202196685768226	2.23230226298475	6.00505393990909	0.76795727096884	SYNJ1	8867	synaptojanin 1	21	protein-coding	hs	DEE53|EIEE53|INPP5G|PARK20
5272	0.0202719895384526	2.2219826709561	4.26376388431818	0.756838826171155	SERPINB9	5272	serpin family B member 9	6	protein-coding	hs	CAP-3|CAP3|PI-9|PI9
347	0.0204971958740702	2.60889398054438	4.062070909	0.886552177696513	APOD	347	apolipoprotein D	3	protein-coding	hs	-
9077	0.0211054811472444	2.41852323307602	3.47307537109091	0.832573874387025	DIRAS3	9077	DIRAS family GTPase 3	1	protein-coding	hs	ARHI|NOEY2
84996	0.0215888852802855	1.69187883649698	5.04570685886364	0.498502297694767	URB1-AS1	84996	URB1 antisense RNA 1 (head to head)	21	ncRNA	hs	C21orf119|PRED84
8532	0.0228595630728144	2.31064654197522	4.42289416290909	0.786108269712107	CPZ	8532	carboxypeptidase Z	4	protein-coding	hs	-
2852	0.0230228108640617	1.54050696639172	5.33223174081818	0.442273567649693	GPER1	2852	G protein-coupled estrogen receptor 1	7	protein-coding	hs	CEPR|CMKRL2|DRY12|FEG-1|GPCR-Br|GPER|GPR30|LERGU|LERGU2|LyGPR|mER
9708	0.0234580286565343	1.79392519933279	5.16746620704545	0.666723973394153	PCDHGA8	9708	protocadherin gamma subfamily A, 8	5	protein-coding	hs	PCDH-GAMMA-A8
343521	0.0237833978292885	1.59493523543081	5.23051891959091	0.473329204967501	DYNLT4	343521	dynein light chain Tctex-type 4	1	protein-coding	hs	TCTEX1D4
55357	0.0247995890047277	1.51037199748481	6.73533860154545	0.420706376353005	TBC1D2	55357	TBC1 domain family member 2	9	protein-coding	hs	PARIS-1|PARIS1|TBC1D2A
400617	0.0256082625999067	1.92327778297099	3.56996735986364	0.645021235579003	KCNJ2-AS1	400617	KCNJ2 antisense RNA 1	17	ncRNA	hs	-
100422882	0.0256347449147135	1.92247344936751	4.05570580190909	0.728673110506947	MIR3120	100422882	microRNA 3120	1	ncRNA	hs	mir-3120
1317	0.0262230452885437	2.06148902736448	8.86878979009091	0.691492032253341	SLC31A1	1317	solute carrier family 31 member 1	9	protein-coding	hs	COPT1|CTR1|NSCT
29980	0.0267822415758188	1.72162444507164	6.08567947872727	0.5100029008922	DONSON	29980	DNA replication fork stabilization factor DONSON	21	protein-coding	hs	B17|C21orf60|MIMIS|MISSLA
121793	0.0271694580528941	2.0481140931715	4.39104425254545	0.685844195912965	TEX29	121793	testis expressed 29	13	protein-coding	hs	C13orf16|bA474D23.1
400655	0.0275643199274107	6.64812663695519	4.17521946804545	1.93763261877445	LINC02864	400655	long intergenic non-protein coding RNA 2864	18	ncRNA	hs	-
148545	0.02803603438336	1.84378596709444	2.88577328140909	0.625333286717302	NBPF4	148545	NBPF member 4	1	protein-coding	hs	-
23275	0.0283491543337965	2.17139012322229	5.98639127027273	0.769387320537363	POFUT2	23275	protein O-fucosyltransferase 2	21	protein-coding	hs	C21orf80|FUT13
6910	0.0284006811195713	4.07692486564041	4.56536320186364	1.43718268606418	TBX5	6910	T-box transcription factor 5	12	protein-coding	hs	HOS
5530	0.0293991548039131	1.61708865265855	8.46606059709091	0.454175191185363	PPP3CA	5530	protein phosphatase 3 catalytic subunit alpha	4	protein-coding	hs	ACCIID|CALN|CALNA|CALNA1|CCN1|CNA1|DEE91|IECEE|IECEE1|PPP2B
7179	0.0296089135737679	2.32894964390354	3.28092401922727	0.855913093795875	TPTE	7179	transmembrane phosphatase with tensin homology	21	protein-coding	hs	CT44|PTEN2|TPTE1
84677	0.0310644504235599	9.00328140195633	4.29474933263636	2.26415645941996	DSCR8	84677	Down syndrome critical region 8	21	ncRNA	hs	C21orf65|CT25.1a|CT25.1b|MMA-1|MMA-1a|MMA-1b|MMA1|MTAG2
400643	0.0314125090708842	1.8180064056306	4.34745829090909	0.592596552733845	LINC00668	400643	long intergenic non-protein coding RNA 668	18	ncRNA	hs	-
58480	0.0321009464342822	2.12322087224324	4.09602704036364	0.774207077807159	RHOU	58480	ras homolog family member U	1	protein-coding	hs	ARHU|CDC42L1|G28K|WRCH1|hG28K
57465	0.0324127804186267	1.70895320527327	4.92787383018182	0.530444729070175	TBC1D24	57465	TBC1 domain family member 24	16	protein-coding	hs	DEE16|DFNA65|DFNB86|DOORS|EIEE16|EIM|EPRPDC|FIME|TLDC6
85395	0.0326677552823044	1.53113302826429	5.88012837095455	0.408414262352203	SLX9	85395	SLX9 ribosome biogenesis factor	21	protein-coding	hs	C21orf70|FAM207A|PRED56
100422937	0.0327814713912734	1.72666597885739	3.3460427755	0.522252868311323	MIR4275	100422937	microRNA 4275	4	ncRNA	hs	-
26112	0.0332207880774645	1.81576403505833	3.65738632277273	0.605030876922898	CCDC69	26112	coiled-coil domain containing 69	5	protein-coding	hs	-
10732	0.0334625429404797	1.57598283621795	5.94687136981818	0.446077160765412	TCFL5	10732	transcription factor like 5	20	protein-coding	hs	CHA|E2BP-1|Figlb|SOSF1|bHLHe82
3209	0.0339081719982876	3.33597063004539	4.78165906309091	1.16210764419553	HOXA13	3209	homeobox A13	7	protein-coding	hs	HOX1|HOX1J
100616117	0.0340651810668321	1.95092700941734	3.12387706486364	0.652612416485412	MIR4653	100616117	microRNA 4653	7	ncRNA	hs	-
79883	0.0340875114954433	1.77457309728043	5.24254088445455	0.582059098006513	PODNL1	79883	podocan like 1	19	protein-coding	hs	SLRR5B
2770	0.0351279367220226	1.7337167460315	7.73704959113636	0.529836934232285	GNAI1	2770	G protein subunit alpha i1	7	protein-coding	hs	Gi|HG1B|NEDHISB
10175	0.0352748168241899	1.5084373663256	8.16661452031818	0.398577869270526	CNIH1	10175	cornichon family member 1	14	protein-coding	hs	CNIH|CNIH-1|CNIL|TGAM77
57088	0.0354443446404609	3.26270325157328	4.77184478777273	1.17912405906551	PLSCR4	57088	phospholipid scramblase 4	3	protein-coding	hs	TRA1
81618	0.0354513789860674	1.6421612841673	7.5784486405	0.50206781176927	ITM2C	81618	integral membrane protein 2C	2	protein-coding	hs	BRI3|BRICD2C|E25|E25C|ITM3
5141	0.0355352744866967	1.59543583317014	5.720141759	0.468305008354279	PDE4A	5141	phosphodiesterase 4A	19	protein-coding	hs	DPDE2|PDE4|PDE46
55	0.035766108827809	3.20012081560394	3.32237398209091	1.13179036161049	ACP3	55	acid phosphatase 3	3	protein-coding	hs	5'-NT|ACP-3|ACPP|TM-PAP
84837	0.0367307674225005	1.98805163634708	6.44914292609091	0.682120462587007	ARHGAP5-AS1	84837	ARHGAP5 antisense RNA 1 (head to head)	14	ncRNA	hs	C14orf128
5961	0.0370948504914981	1.59838761976899	4.19582483127273	0.468348594309417	PRPH2	5961	peripherin 2	6	protein-coding	hs	AOFMD|AVMD|CACD2|DS|MDBS1|PRPH|RDS|RP7|TSPAN22|rd2
133686	0.0377950538904516	1.60567070395794	8.466760306	0.462876565683828	NADK2	133686	NAD kinase 2, mitochondrial	5	protein-coding	hs	C5orf33|DECRD|MNADK|NADKD1
338005	0.0383423458106382	3.76340195638653	4.18949236290909	1.40333994133289	LINC00221	338005	long intergenic non-protein coding RNA 221	14	ncRNA	hs	C14orf98|NCRNA00221
2055	0.0384232717194374	1.69200665782536	6.36776052172727	0.518895371754523	CLN8	2055	CLN8 transmembrane ER and ERGIC protein	8	protein-coding	hs	C8orf61|EPMR|TLCD6
439936	0.0392595364858386	1.65468869642725	2.53318714895455	0.508951914635973	LINC02899	439936	long intergenic non-protein coding RNA 2899	5	ncRNA	hs	C5orf17
606553	0.0394481177247336	2.1456517169368	3.73713772045455	0.803837870650743	LINC02905	606553	long intergenic non-protein coding RNA 2905	8	ncRNA	hs	C8orf49|G4DM
84650	0.0405991362026934	1.59897746843331	8.29660464586364	0.514322689095786	EBPL	84650	EBP like	13	protein-coding	hs	EBRP
5737	0.0406421319654304	3.03333930828625	5.00666760622727	1.16511704319185	PTGFR	5737	prostaglandin F receptor	1	protein-coding	hs	FP
94031	0.040986416771026	4.22746921492973	4.50911104759091	1.43876602303671	HTRA3	94031	HtrA serine peptidase 3	4	protein-coding	hs	Prsp|Tasp
6782	0.041074545884768	1.62941914882339	8.39737157809091	0.489540811029712	HSPA13	6782	heat shock protein family A (Hsp70) member 13	21	protein-coding	hs	STCH
3575	0.0411434764686032	6.02620184737158	5.83267733213636	1.8108176842844	IL7R	3575	interleukin 7 receptor	5	protein-coding	hs	CD127|CDW127|IL-7R-alpha|IL-7Ralpha|IL7RA|IL7Ralpha|ILRA|IMD104|lnc-IL7R|sIL-7R
197187	0.0412825673898549	1.52009418537273	5.02605664886364	0.425882955930969	SNAI3-AS1	197187	SNAI3 antisense RNA 1	16	ncRNA	hs	-
8351	0.0413012267123783	4.37867220359082	6.62288038640909	1.47042653897764	H3C4	8351	H3 clustered histone 4	6	protein-coding	hs	H3/b|H3C1|H3C10|H3C11|H3C12|H3C2|H3C3|H3C6|H3C7|H3C8|H3FB|HIST1H3D
6999	0.0413648681070593	1.9872336279396	2.72680516986364	0.701245049425802	TDO2	6999	tryptophan 2,3-dioxygenase	4	protein-coding	hs	HYPTRP|TDO|TO|TPH2|TRPO
3422	0.0417091498700448	1.83612250145137	5.11953037977273	0.610379214246954	IDI1	3422	isopentenyl-diphosphate delta isomerase 1	10	protein-coding	hs	IPP1|IPPI1
9976	0.0422373409453572	3.54564493686217	3.65270365313636	1.35889447786815	CLEC2B	9976	C-type lectin domain family 2 member B	12	protein-coding	hs	AICL|CLECSF2|HP10085|IFNRG1
83401	0.0424773525231134	2.36782355462697	3.28749019140909	0.858552700470233	ELOVL3	83401	ELOVL fatty acid elongase 3	10	protein-coding	hs	CIG-30|CIG30
728	0.0428309901661852	1.51039731355336	4.32505225709091	0.438517115944083	C5AR1	728	complement C5a receptor 1	19	protein-coding	hs	C5A|C5AR|C5R1|CD88
55181	0.0430175157639173	1.67224889940306	6.41730942172727	0.514203764962769	SMG8	55181	SMG8 nonsense mediated mRNA decay factor	17	protein-coding	hs	ALKUS|C17orf71
285367	0.043259332115673	1.60410799553148	6.93439323918182	0.468362620376665	RPUSD3	285367	RNA pseudouridine synthase D3	3	protein-coding	hs	-
57683	0.043942286334531	1.86139888109641	6.46162007427273	0.621197017007559	ZDBF2	57683	zinc finger DBF-type containing 2	2	protein-coding	hs	Slx9
284023	0.0440655799764055	1.86175846103803	4.94912207527273	0.642576537844843	RNF227	284023	ring finger protein 227	17	protein-coding	hs	LINC02581
257415	0.0442419950765227	1.81053042765697	5.07682747095455	0.590491499309601	FAM133B	257415	family with sequence similarity 133 member B	7	protein-coding	hs	-
161635	0.0452194012035735	4.40401622184281	5.70159330177273	1.60196901605938	CSNK1A1P1	161635	casein kinase 1 alpha 1 pseudogene 1	15	pseudo	hs	CSNK1A1P
7267	0.0459465036841921	1.73085098306149	9.68414165190909	0.620620939161272	TTC3	7267	tetratricopeptide repeat domain 3	21	protein-coding	hs	DCRR1|RNF105|TPRDIII
5308	0.0466567764914961	2.38495864970335	5.399875468	0.946384314037572	PITX2	5308	paired like homeodomain 2	4	protein-coding	hs	ARP1|ASGD4|Brx1|IDG2|IGDS|IGDS2|IHG2|IRID2|Otlx2|PTX2|RGS|RIEG|RIEG1|RS
100506542	0.0470335966685207	1.65357137049231	2.6473865545	0.503869130787556	LINC01082	100506542	long intergenic non-protein coding RNA 1082	16	ncRNA	hs	TCONS_00024492
8519	0.0471531017642878	2.95965763206371	8.68407795972727	1.11123376531101	IFITM1	8519	interferon induced transmembrane protein 1	11	protein-coding	hs	9-27|CD225|DSPA2a|IFI17|LEU13
100507588	0.047280515174404	1.56848673083807	5.72450514690909	0.472634575883228	TGFBR3L	100507588	transforming growth factor beta receptor 3 like	19	protein-coding	hs	GEMP|TGFR-3L
10788	0.0475710143791842	3.18350468025779	3.48093684427273	1.16993232929421	IQGAP2	10788	IQ motif containing GTPase activating protein 2	5	protein-coding	hs	-
100506157	0.0477303542088403	1.53117803057022	2.99284225281818	0.42461692261365	SRP54-AS1	100506157	SRP54 antisense RNA 1	14	ncRNA	hs	-
28595	0.0478924050421606	1.83138710868244	3.63758581254545	0.664281246131269	TRBV7-3	28595	T cell receptor beta variable 7-3	7	other	hs	TCRBV6S1A1N1|TCRBV7S3|TRBV73
23643	0.0485764771989374	3.27481564054651	3.75305039809091	1.27141699713637	LY96	23643	lymphocyte antigen 96	8	protein-coding	hs	ESOP-1|MD-2|MD2|ly-96
83604	0.000389489010770627	-23.4211295214069	7.33173182018182	2.44969223895524	TMEM47	83604	transmembrane protein 47	X	protein-coding	hs	BCMP1|TM4SF10|VAB-9
9590	0.000997841043629655	-3.28898781031493	7.69904994318182	0.942471117182013	AKAP12	9590	A-kinase anchoring protein 12	6	protein-coding	hs	AKAP250|SSeCKS
81	0.00101236257253945	-1.59650300162473	10.9904625018182	0.364033746533715	ACTN4	81	actinin alpha 4	19	protein-coding	hs	ACTININ-4|FSGS|FSGS1
219	0.00102054916732064	-3.04542524767158	7.23509203009091	0.865609477544625	ALDH1B1	219	aldehyde dehydrogenase 1 family member B1	9	protein-coding	hs	ALDH5|ALDHX
6840	0.00295739116415239	-3.11721784851147	7.97223170268182	0.906114985868093	SVIL	6840	supervillin	10	protein-coding	hs	MFM10
56892	0.00424519456052286	-4.41463741113216	6.57969673736364	1.24214563992246	TCIM	56892	transcriptional and immune response regulator	8	protein-coding	hs	C8orf4|TC-1|TC1
84062	0.00505528741483152	-1.60798024945447	5.56071005090909	0.425359136455439	DTNBP1	84062	dystrobrevin binding protein 1	6	protein-coding	hs	BLOC1S8|DBND|HPS7|My031|SDY
395	0.00508102638217645	-2.04716798742908	3.42070342077273	0.591385071257757	ARHGAP6	395	Rho GTPase activating protein 6	X	protein-coding	hs	RHOGAP6|RHOGAPX-1
85453	0.00531218049926874	-2.16435807206452	5.63672832118182	0.682512760640013	TSPYL5	85453	TSPY like 5	8	protein-coding	hs	-
140576	0.00533006070909003	-2.46061303506758	8.89310364336364	0.760422359092582	S100A16	140576	S100 calcium binding protein A16	1	protein-coding	hs	AAG13|DT1P1A7|S100F
29094	0.0059589160100112	-1.56549237175322	7.31862633045455	0.373653547708426	LGALSL	29094	galectin like	2	protein-coding	hs	GRP|HSPC159
647024	0.00644403182901987	-2.16193136785787	5.16365551713636	0.666352681107855	C6orf132	647024	chromosome 6 open reading frame 132	6	protein-coding	hs	LncCCLM|bA7K24.2
23286	0.00651372113247262	-7.59001526327741	6.53881078340909	1.70802839070574	WWC1	23286	WW and C2 domain containing 1	5	protein-coding	hs	HBEBP3|HBEBP36|KIBRA|MEMRYQTL|PPP1R168
26136	0.00653165680344958	-1.67497921660083	9.38270311131818	0.439367828489616	TES	26136	testin LIM domain protein	7	protein-coding	hs	TESS|TESS-2
9943	0.00710089542627734	-1.52824317474679	8.24314522786364	0.384073906511935	OXSR1	9943	oxidative stress responsive kinase 1	3	protein-coding	hs	OSR1
80303	0.00763846653475708	-2.18294138469314	5.55902534931818	0.660513549345862	EFHD1	80303	EF-hand domain family member D1	2	protein-coding	hs	MST133|MSTP133|PP3051|SWS2
152485	0.00785590993660068	-1.83301121165064	7.80603364072727	0.541717347503657	ZNF827	152485	zinc finger protein 827	4	protein-coding	hs	-
89797	0.00799570184410148	-3.08366829422774	7.27156093504545	0.982456127436426	NAV2	89797	neuron navigator 2	11	protein-coding	hs	HELAD1|POMFIL2|RAINB1|STEERIN2|UNC53H2
56271	0.0087007528992441	-3.63722491745547	7.61371725290909	1.1526450232028	BEX4	56271	brain expressed X-linked 4	X	protein-coding	hs	BEXL1
23327	0.00929789358610589	-3.92758747024287	6.52655664159091	1.23626308477352	NEDD4L	23327	NEDD4 like E3 ubiquitin protein ligase	18	protein-coding	hs	NEDD4-2|NEDD4.2|PVNH7|RSP5|hNEDD4-2
59277	0.00949581124317322	-6.55304636097248	8.39673286527273	1.64660111538847	NTN4	59277	netrin 4	12	protein-coding	hs	PRO3091
65258	0.00980974270346024	-1.81848961773905	7.48038556995455	0.543455453711942	MPPE1	65258	metallophosphoesterase 1	18	protein-coding	hs	Cdc1|PGAP5
79026	0.0103627472096781	-1.54645093511965	8.94557575695455	0.389893049840402	AHNAK	79026	AHNAK nucleoprotein	11	protein-coding	hs	AHNAK1|AHNAKRS|PM227
100996601	0.0104352202792397	-1.60411585783382	4.31929439768182	0.480011901127349	row2689	NA	NA	NA	NA	NA	NA
9760	0.01124271116529	-4.44583328072074	5.51884971540909	1.35913858623943	TOX	9760	thymocyte selection associated high mobility group box	8	protein-coding	hs	TOX1
4781	0.0118474046804611	-3.4167826521182	6.84016689281818	1.11203796808313	NFIB	4781	nuclear factor I B	9	protein-coding	hs	CTF|HMGIC/NFIB|MACID|NF-I/B|NF1-B|NFI-B|NFI-RED|NFIB2|NFIB3
728448	0.0128703793220143	-2.60852469813982	4.74758290886364	0.870153573563959	PPIEL	728448	peptidylprolyl isomerase E like (pseudogene)	1	pseudo	hs	PPIEP1
2635	0.0131805505962233	-2.66424076742232	6.89246798577273	0.85977218829655	GBP3	2635	guanylate binding protein 3	1	protein-coding	hs	-
23023	0.0137646893981531	-1.64249223661256	6.47132850931818	0.441693747597495	TMCC1	23023	transmembrane and coiled-coil domain family 1	3	protein-coding	hs	-
81624	0.0139065840328813	-2.74598070992991	7.20144722336364	0.966944545297052	DIAPH3	81624	diaphanous related formin 3	13	protein-coding	hs	AN|AUNA1|DIA2|DRF3|NSDAN|diap3|mDia2
50840	0.0152592844873484	-1.99148611735616	4.077900815	0.645716851591331	TAS2R14	50840	taste 2 receptor member 14	12	protein-coding	hs	T2R14|TRB1
26278	0.016341774464494	-1.90370221930807	8.2748013865	0.64651254009823	SACS	26278	sacsin molecular chaperone	13	protein-coding	hs	ARSACS|DNAJC29|PPP1R138|SPAX6
7739	0.0163689707557827	-2.08275379239647	6.06388284181818	0.678080099597205	ZNF185	7739	zinc finger protein 185 with LIM domain	X	protein-coding	hs	SCELL
3576	0.0172924451379595	-5.25938867093064	8.46203406204545	1.51992287650856	CXCL8	3576	C-X-C motif chemokine ligand 8	4	protein-coding	hs	GCP-1|GCP1|IL8|LECT|LUCT|LYNAP|MDNCF|MONAP|NAF|NAP-1|NAP1|SCYB8
4281	0.017392538429879	-2.11848061947524	5.93338660095455	0.689322807366804	MID1	4281	midline 1	X	protein-coding	hs	BBBG1|FXY|GBBB|GBBB1|MIDIN|OGS1|OS|OSX|RNF59|TRIM18|XPRF|ZNFXY
64073	0.0183587856876922	-10.111793902037	8.297061759	2.18550908080332	C19orf33	64073	chromosome 19 open reading frame 33	19	protein-coding	hs	H2RSP|IMUP|IMUP-1|IMUP-2
6792	0.0185368349611448	-1.68068758561329	6.17491784204545	0.567530337821865	CDKL5	6792	cyclin dependent kinase like 5	X	protein-coding	hs	CFAP247|DEE2|EIEE2|ISSX|STK9
23529	0.0188652236835946	-1.68916870271089	7.25603429390909	0.479857347084868	CLCF1	23529	cardiotrophin like cytokine factor 1	11	protein-coding	hs	BSF-3|BSF3|CISS2|CLC|NNT-1|NNT1|NR6
1465	0.0192923360890904	-1.56986569851857	8.63264721577273	0.412220639839819	CSRP1	1465	cysteine and glycine rich protein 1	1	protein-coding	hs	CRP|CRP1|CSRP|CYRP|D1S181E|HEL-141|HEL-S-286
9149	0.0203044661500139	-1.61047287962305	6.42397875045455	0.444233781787917	DYRK1B	9149	dual specificity tyrosine phosphorylation regulated kinase 1B	19	protein-coding	hs	AOMS3|MIRK
346528	0.0214691085159044	-2.23217952948727	4.70485723454545	0.827858611074798	OR2A1	346528	olfactory receptor family 2 subfamily A member 1	7	protein-coding	hs	-
6461	0.0215878437143581	-1.59012934081677	8.33760516895455	0.430339369929236	SHB	6461	SH2 domain containing adaptor protein B	9	protein-coding	hs	bA3J10.2
136853	0.0220210201442341	-2.0748502556617	5.01258454486364	0.67129580857675	SSC4D	136853	scavenger receptor cysteine rich family member with 4 domains	7	protein-coding	hs	S4D-SRCRB|SRCRB-S4D|SRCRB4D
55959	0.0221480822217653	-3.00611024650181	6.94020379845455	1.0147704006015	SULF2	55959	sulfatase 2	20	protein-coding	hs	HSULF-2
8609	0.0233606455922715	-1.56547722096319	8.13254709913636	0.420141140556925	KLF7	8609	KLF transcription factor 7	2	protein-coding	hs	UKLF
151354	0.0234077321718571	-1.91817072122971	5.00435753695455	0.621836244821261	LRATD1	151354	LRAT domain containing 1	2	protein-coding	hs	FAM84A|NSE1|PP11517
5993	0.023436016196441	-1.79521009962247	5.79406679077273	0.570728214790087	RFX5	5993	regulatory factor X5	1	protein-coding	hs	MHC2D3|MHC2D5
100128340	0.0237342945836687	-1.72602801210465	3.79797463890909	0.504973258457261	LOC100128340	100128340	uncharacterized LOC100128340	5	ncRNA	hs	-
10998	0.0242812144074822	-1.56127745557575	4.33412823922727	0.417573011530492	SLC27A5	10998	solute carrier family 27 member 5	19	protein-coding	hs	ACSB|ACSVL6|BACS|BAL|FACVL3|FATP-5|FATP5|VLACSR|VLCS-H2|VLCSH2
11057	0.0245197074226351	-1.75921941486201	6.68756481313636	0.530417887729256	ABHD2	11057	abhydrolase domain containing 2, acylglycerol lipase	15	protein-coding	hs	HS1-2|LABH2|PHPS1-2
1906	0.0248640634208535	-1.83243504678537	8.19661600068182	0.572620299171892	EDN1	1906	endothelin 1	6	protein-coding	hs	ARCND3|ET1|HDLCQ7|PPET1|QME
7468	0.0249283242221428	-1.53756701332835	6.49486343340909	0.430096855054965	NSD2	7468	nuclear receptor binding SET domain protein 2	4	protein-coding	hs	KMT3F|KMT3G|MMSET|RAUST|REIIBP|TRX5|WHS|WHSC1
442901	0.0251772752026799	-1.61856447389055	4.239442391	0.450483001369375	MIR328	442901	microRNA 328	16	ncRNA	hs	MIRN328|hsa-mir-328|mir-328
330	0.0252093464409688	-4.87151674881437	6.455920794	1.47945151589484	BIRC3	330	baculoviral IAP repeat containing 3	11	protein-coding	hs	AIP1|API2|CIAP2|HAIP1|HIAP1|IAP-1|MALT2|MIHC|RNF49|c-IAP2
4627	0.0256794579460955	-1.67092041517006	10.2067905245455	0.487360526110904	MYH9	4627	myosin heavy chain 9	22	protein-coding	hs	BDPLT6|DFNA17|EPSTS|FTNS|MATINS|MHA|NMHC-II-A|NMMHC-IIA|NMMHCA
5214	0.0261981720678877	-1.89143794629879	8.55049776295455	0.609692168539894	PFKP	5214	phosphofructokinase, platelet	10	protein-coding	hs	ATP-PFK|PFK-C|PFK-P|PFKF
1832	0.0262950476109413	-1.93916686197493	9.25397137927273	0.660139259850997	DSP	1832	desmoplakin	6	protein-coding	hs	DCWHKTA|DP
23530	0.026476912220515	-1.50249619065676	7.57562064395455	0.390197536971057	NNT	23530	nicotinamide nucleotide transhydrogenase	5	protein-coding	hs	GCCD4
4643	0.0264910150134626	-1.89543845563372	8.55421112231818	0.603801647943456	MYO1E	4643	myosin IE	15	protein-coding	hs	FSGS6|HuncM-IC|MYO1C
1948	0.0267046115034494	-3.65458301444957	6.28175047263636	1.3598704517699	EFNB2	1948	ephrin B2	13	protein-coding	hs	EPLG5|HTKL|Htk-L|LERK5|ephrin-B2
401149	0.0268717613084964	-1.7657865520547	5.28092464809091	0.537082859826111	LINC01061	401149	long intergenic non-protein coding RNA 1061	4	ncRNA	hs	KIKAT
3235	0.0273593251489227	-2.32912515013234	5.16932268504545	0.804454539504972	HOXD9	3235	homeobox D9	2	protein-coding	hs	HOX4|HOX4C|Hox-4.3|Hox-5.2
7128	0.0276959171639007	-2.68093853632215	8.05983203081818	0.940354304598965	TNFAIP3	7128	TNF alpha induced protein 3	6	protein-coding	hs	A20|AIFBL1|AISBL|OTUD7C|TNFA1P2
9324	0.0280724645556684	-1.6495976880593	7.15146238481818	0.48335090173569	HMGN3	9324	high mobility group nucleosomal binding domain 3	6	protein-coding	hs	PNAS-24|PNAS-25|TRIP7
6419	0.0281584388492058	-1.50785810349967	5.21178864845455	0.474593076742006	SETMAR	6419	SET and mariner transposase domain methyltransferase	3	protein-coding	hs	METNASE|Mar1
115817	0.0281989726558353	-1.64748013896686	6.39546443422727	0.475118811028187	DHRS1	115817	dehydrogenase/reductase 1	14	protein-coding	hs	SDR19C1
132299	0.0286209366994014	-3.19222293582469	9.42350993263636	1.15528610960851	OCIAD2	132299	OCIA domain containing 2	4	protein-coding	hs	-
100131434	0.0289363600050571	-1.51577042250019	4.27635859627273	0.404141973834394	EOLA1-DT	100131434	EOLA1 divergent transcript	X	ncRNA	hs	LINC00893|lnc-CPLC
8382	0.0291410788324185	-3.31062636098112	4.352002225	1.19091342247889	NME5	8382	NME/NM23 family member 5	5	protein-coding	hs	CILD48|NM23-H5|NM23H5|RSPH23
2272	0.0293148539182961	-2.64594608065239	4.75544748622727	0.952869018470141	FHIT	2272	fragile histidine triad diadenosine triphosphatase	3	protein-coding	hs	AP3Aase|FRA3B
4026	0.030175873901397	-1.59975816076387	8.5535714	0.449111815665319	LPP	4026	LIM domain containing preferred translocation partner in lipoma	3	protein-coding	hs	-
23158	0.0305628676604123	-1.5737342568585	6.78701407522727	0.432327476263221	TBC1D9	23158	TBC1 domain family member 9	4	protein-coding	hs	GRAMD9|MDR1
118881	0.0308667272325475	-1.53927550530659	6.22896011918182	0.413398198110372	COMTD1	118881	catechol-O-methyltransferase domain containing 1	10	protein-coding	hs	MT773
5364	0.030970212045844	-2.01930526541345	6.42895100595455	0.674426163448455	PLXNB1	5364	plexin B1	3	protein-coding	hs	PLEXIN-B1|PLXN5|SEP
8605	0.0312174577895284	-1.70271518182612	4.50188845559091	0.505361557714099	PLA2G4C	8605	phospholipase A2 group IVC	19	protein-coding	hs	CPLA2-gamma
4771	0.0313872420778587	-1.69695533092185	7.92267936827273	0.510714928303595	NF2	4771	NF2, moesin-ezrin-radixin like (MERLIN) tumor suppressor	22	protein-coding	hs	ACN|BANF|SCH|SWNV|merlin-1
100505738	0.0316442738326274	-1.74933003860895	5.58081261822727	0.534914938685155	MIR4458HG	100505738	MIR4458 host gene	5	ncRNA	hs	-
100506098	0.0318842844240369	-1.50860768805774	3.77743184009091	0.436288557854343	GIRGL	100506098	glutamine insufficiency regulator of glutaminase lncRNA	7	ncRNA	hs	MACC1-DT
6405	0.0326804370677499	-2.76639463610625	5.15979988890909	0.991704167359981	SEMA3F	6405	semaphorin 3F	3	protein-coding	hs	SEMA-IV|SEMA4|SEMAK
7923	0.0332985165172597	-2.32333599267533	5.28288714531818	0.824623579808738	HSD17B8	7923	hydroxysteroid 17-beta dehydrogenase 8	6	protein-coding	hs	D6S2245E|FABG|FABGL|H2-KE6|HKE6|KE6|RING2|SDR30C1|dJ1033B10.9
154796	0.0359763509384575	-2.032242666268	5.33324912318182	0.784685983261926	AMOT	154796	angiomotin	X	protein-coding	hs	-
10318	0.0371206162854684	-2.48254245255792	8.71570029927273	0.887137304941553	TNIP1	10318	TNFAIP3 interacting protein 1	5	protein-coding	hs	ABIN-1|NAF1|VAN|nip40-1
64787	0.0373757045758328	-2.52849866794295	6.867964591	0.926151913275724	EPS8L2	64787	EPS8 signaling adaptor L2	11	protein-coding	hs	DFNB106|EPS8R2
100169890	0.0380350719517573	-1.67402212438141	3.93780027722727	0.513761546323328	PEG3-AS1	100169890	PEG3 antisense RNA 1	19	ncRNA	hs	APEG3|NCRNA00155|PEG3-AS|PEG3AS
9194	0.0385269576153404	-2.11433334738217	5.109590027	0.768004256669182	SLC16A7	9194	solute carrier family 16 member 7	12	protein-coding	hs	MCT2
55321	0.0391503802020733	-1.56960586053186	4.25861447990909	0.445662336554663	TMEM74B	55321	transmembrane protein 74B	20	protein-coding	hs	C20orf46
2086	0.0396423039328339	-1.66923017676717	6.31311412304545	0.538464274104095	ERV3-1	2086	endogenous retrovirus group 3 member 1, envelope	7	protein-coding	hs	ERV-R|ERV3|ERVR|HERV-R|HERVR|envR
26509	0.0398460051945098	-1.62067935182083	9.97613386322727	0.501137178368797	MYOF	26509	myoferlin	10	protein-coding	hs	FER1L3|HAE7
6696	0.0399447547030198	-4.89057940077163	7.81373679872727	1.63833278613486	SPP1	6696	secreted phosphoprotein 1	4	protein-coding	hs	BNSP|BSPI|ETA-1|OPN
84557	0.0415504355177689	-1.52328683367875	5.6915030715	0.420168228732023	MAP1LC3A	84557	microtubule associated protein 1 light chain 3 alpha	20	protein-coding	hs	ATG8E|LC3|LC3A|MAP1ALC3|MAP1BLC3
5256	0.0420170955579969	-1.63985967022961	6.05996233990909	0.500156121869621	PHKA2	5256	phosphorylase kinase regulatory subunit alpha 2	X	protein-coding	hs	GSD9A|PHK|PYK|PYKL|XLG|XLG2
2582	0.0424178928023785	-1.73051041833663	5.93625537363636	0.561117965042212	GALE	2582	UDP-galactose-4-epimerase	1	protein-coding	hs	SDR1E1|THC13
3855	0.0426999426180255	-12.8468739289006	8.60616414772727	2.68774266226161	KRT7	3855	keratin 7	12	protein-coding	hs	CK7|K2C7|K7|SCL
282890	0.0440733333886124	-1.95283489876323	4.01350812127273	0.719991798865675	ZNF311	282890	zinc finger protein 311	6	protein-coding	hs	zf31
55711	0.0441757706752272	-2.0148426000012	5.11638628004545	0.795954426022001	FAR2	55711	fatty acyl-CoA reductase 2	12	protein-coding	hs	HEL-S-81|MLSTD1|SDR10E2
51084	0.0444021978953866	-1.7696167851239	5.5500921345	0.654102768239961	CRYL1	51084	crystallin lambda 1	13	protein-coding	hs	GDH|HEL30|gul3DH|lambda-CRY
100302287	0.0446618629866051	-1.51497214799374	2.7347116715	0.41641644971674	MIR548H3	100302287	microRNA 548h-3	17	ncRNA	hs	MIR548H-3|MIRN548H3|hsa-mir-548h-3
79875	0.045488268891809	-2.17981724862461	6.03598784740909	0.828593584407703	THSD4	79875	thrombospondin type 1 domain containing 4	15	protein-coding	hs	AAT12|ADAMTSL-6|ADAMTSL6|FVSY9334|PRO34005
64084	0.0455340337696374	-4.05938603092839	5.57545290831818	1.46873066312059	CLSTN2	64084	calsyntenin 2	3	protein-coding	hs	ALC-GAMMA|CDHR13|CS2|CSTN2|alcagamma
3911	0.0456022423603953	-2.71567820566255	6.72674499768182	1.07567090343243	LAMA5	3911	laminin subunit alpha 5	20	protein-coding	hs	BBDS2|NPHS26
253650	0.0459543647943456	-3.92124859295508	4.73502935204545	1.36721360927414	ANKRD18A	253650	ankyrin repeat domain 18A	9	protein-coding	hs	-
26002	0.046033587001439	-5.05045917543372	7.416040735	1.67377957692114	MOXD1	26002	monooxygenase DBH like 1	6	protein-coding	hs	MOX|PRO5780|dJ248E1.1
138724	0.0461075548173457	-1.5219126864966	4.17359308559091	0.443394042462792	SPATA31G1	138724	SPATA31 subfamily G member 1	9	protein-coding	hs	C9orf131
131566	0.0462590411908631	-1.51381387536923	11.1794199986364	0.433298401474174	DCBLD2	131566	discoidin, CUB and LCCL domain containing 2	3	protein-coding	hs	CLCP1|ESDN
56950	0.046321146729119	-1.71264018409854	7.92355884831818	0.551786910834922	SMYD2	56950	SET and MYND domain containing 2	1	protein-coding	hs	HSKM-B|KMT3C|ZMYND14
693189	0.0471964327741204	-3.18672178692714	5.89768791963636	1.15489135887984	MIR604	693189	microRNA 604	10	ncRNA	hs	MIRN604|hsa-mir-604
3201	0.0475000958669558	-3.49855969991595	4.6042008695	1.44309042407186	HOXA4	3201	homeobox A4	7	protein-coding	hs	HOX1|HOX1D
100033431	0.0477653600658331	-1.72626975851497	5.01929552354545	0.560812684496384	SNORD116-20	100033431	small nucleolar RNA, C/D box 116-20	15	snoRNA	hs	HBII-85-20
100506373	0.0487969299281006	-3.0717276930325	5.09079155236364	1.15073120906852	row1561	NA	NA	NA	NA	NA	NA
23136	0.0488948341752753	-5.48180622055611	5.44706856727273	1.81799847721436	EPB41L3	23136	erythrocyte membrane protein band 4.1 like 3	18	protein-coding	hs	4.1B|DAL-1|DAL1
23321	0.0491912863636564	-2.46441574461215	6.34488900695455	0.901963177537338	TRIM2	23321	tripartite motif containing 2	4	protein-coding	hs	CMT2R|RNF86
7570	0.0493561242189957	-1.6284116761136	5.44070686709091	0.520278565226154	ZNF22	7570	zinc finger protein 22	10	protein-coding	hs	HKR-T1|KOX15|ZNF422|Zfp422
